Date,t,Close 
7/18/2010,2010.542466,0.09
7/19/2010,2010.545205,0.08
7/20/2010,2010.547945,0.07
7/21/2010,2010.550685,0.08
7/22/2010,2010.553425,0.05
7/23/2010,2010.556164,0.06
7/24/2010,2010.558904,0.05
7/25/2010,2010.561644,0.05
7/26/2010,2010.564384,0.06
7/27/2010,2010.567123,0.06
7/28/2010,2010.569863,0.06
7/29/2010,2010.572603,0.07
7/30/2010,2010.575342,0.06
7/31/2010,2010.578082,0.07
08/01/2010,2010.580822,0.06
08/02/2010,2010.583562,0.06
08/03/2010,2010.586301,0.06
08/04/2010,2010.589041,0.06
08/05/2010,2010.591781,0.06
08/06/2010,2010.594521,0.06
08/07/2010,2010.59726,0.06
08/08/2010,2010.6,0.06
08/09/2010,2010.60274,0.07
08/10/2010,2010.605479,0.07
08/11/2010,2010.608219,0.07
08/12/2010,2010.610959,0.07
8/13/2010,2010.613699,0.06
8/14/2010,2010.616438,0.07
8/15/2010,2010.619178,0.07
8/16/2010,2010.621918,0.07
8/17/2010,2010.624658,0.07
8/18/2010,2010.627397,0.07
8/19/2010,2010.630137,0.07
8/20/2010,2010.632877,0.07
8/21/2010,2010.635616,0.07
8/22/2010,2010.638356,0.07
8/23/2010,2010.641096,0.06
8/24/2010,2010.643836,0.06
8/25/2010,2010.646575,0.06
8/26/2010,2010.649315,0.06
8/27/2010,2010.652055,0.06
8/28/2010,2010.654795,0.06
8/29/2010,2010.657534,0.06
8/30/2010,2010.660274,0.06
8/31/2010,2010.663014,0.06
09/01/2010,2010.665753,0.06
09/02/2010,2010.668493,0.06
09/03/2010,2010.671233,0.06
09/04/2010,2010.673973,0.06
09/05/2010,2010.676712,0.06
09/06/2010,2010.679452,0.06
09/07/2010,2010.682192,0.06
09/08/2010,2010.684932,0.06
09/09/2010,2010.687671,0.06
09/10/2010,2010.690411,0.06
09/11/2010,2010.693151,0.06
09/12/2010,2010.69589,0.06
9/13/2010,2010.69863,0.06
9/14/2010,2010.70137,0.06
9/15/2010,2010.70411,0.06
9/16/2010,2010.706849,0.06
9/17/2010,2010.709589,0.06
9/18/2010,2010.712329,0.06
9/19/2010,2010.715068,0.06
9/20/2010,2010.717808,0.06
9/21/2010,2010.720548,0.06
9/22/2010,2010.723288,0.06
9/23/2010,2010.726027,0.06
9/24/2010,2010.728767,0.06
9/25/2010,2010.731507,0.06
9/26/2010,2010.734247,0.06
9/27/2010,2010.736986,0.06
9/28/2010,2010.739726,0.06
9/29/2010,2010.742466,0.06
9/30/2010,2010.745205,0.06
10/01/2010,2010.747945,0.06
10/02/2010,2010.750685,0.06
10/03/2010,2010.753425,0.06
10/04/2010,2010.756164,0.06
10/05/2010,2010.758904,0.06
10/06/2010,2010.761644,0.06
10/07/2010,2010.764384,0.07
10/08/2010,2010.767123,0.09
10/09/2010,2010.769863,0.09
10/10/2010,2010.772603,0.1
10/11/2010,2010.775342,0.09
10/12/2010,2010.778082,0.09
10/13/2010,2010.780822,0.1
10/14/2010,2010.783562,0.1
10/15/2010,2010.786301,0.1
10/16/2010,2010.789041,0.1
10/17/2010,2010.791781,0.1
10/18/2010,2010.794521,0.1
10/19/2010,2010.79726,0.1
10/20/2010,2010.8,0.1
10/21/2010,2010.80274,0.11
10/22/2010,2010.805479,0.1
10/23/2010,2010.808219,0.11
10/24/2010,2010.810959,0.11
10/25/2010,2010.813699,0.13
10/26/2010,2010.816438,0.15
10/27/2010,2010.819178,0.19
10/28/2010,2010.821918,0.17
10/29/2010,2010.824658,0.19
10/30/2010,2010.827397,0.2
10/31/2010,2010.830137,0.19
11/01/2010,2010.832877,0.2
11/02/2010,2010.835616,0.19
11/03/2010,2010.838356,0.19
11/04/2010,2010.841096,0.23
11/05/2010,2010.843836,0.26
11/06/2010,2010.846575,0.39
11/07/2010,2010.849315,0.34
11/08/2010,2010.852055,0.24
11/09/2010,2010.854795,0.21
11/10/2010,2010.857534,0.24
11/11/2010,2010.860274,0.22
11/12/2010,2010.863014,0.27
11/13/2010,2010.865753,0.28
11/14/2010,2010.868493,0.28
11/15/2010,2010.871233,0.27
11/16/2010,2010.873973,0.22
11/17/2010,2010.876712,0.23
11/18/2010,2010.879452,0.27
11/19/2010,2010.882192,0.28
11/20/2010,2010.884932,0.28
11/21/2010,2010.887671,0.28
11/22/2010,2010.890411,0.29
11/23/2010,2010.893151,0.28
11/24/2010,2010.89589,0.28
11/25/2010,2010.89863,0.28
11/26/2010,2010.90137,0.28
11/27/2010,2010.90411,0.28
11/28/2010,2010.906849,0.27
11/29/2010,2010.909589,0.23
11/30/2010,2010.912329,0.21
12/01/2010,2010.915068,0.23
12/02/2010,2010.917808,0.25
12/03/2010,2010.920548,0.25
12/04/2010,2010.923288,0.2
12/05/2010,2010.926027,0.19
12/06/2010,2010.928767,0.2
12/07/2010,2010.931507,0.23
12/08/2010,2010.934247,0.24
12/09/2010,2010.936986,0.2
12/10/2010,2010.939726,0.2
12/11/2010,2010.942466,0.23
12/12/2010,2010.945205,0.22
12/13/2010,2010.947945,0.23
12/14/2010,2010.950685,0.25
12/15/2010,2010.953425,0.24
12/16/2010,2010.956164,0.25
12/17/2010,2010.958904,0.24
12/18/2010,2010.961644,0.24
12/19/2010,2010.964384,0.24
12/20/2010,2010.967123,0.27
12/21/2010,2010.969863,0.24
12/22/2010,2010.972603,0.25
12/23/2010,2010.975342,0.25
12/24/2010,2010.978082,0.25
12/25/2010,2010.980822,0.25
12/26/2010,2010.983562,0.26
12/27/2010,2010.986301,0.26
12/28/2010,2010.989041,0.28
12/29/2010,2010.991781,0.3
12/30/2010,2010.994521,0.3
12/31/2010,2010.99726,0.3
01/01/2011,2011.00274,0.3
01/02/2011,2011.005479,0.3
01/03/2011,2011.008219,0.29
01/04/2011,2011.010959,0.3
01/05/2011,2011.013699,0.3
01/06/2011,2011.016438,0.3
01/07/2011,2011.019178,0.32
01/08/2011,2011.021918,0.32
01/09/2011,2011.024658,0.32
01/10/2011,2011.027397,0.33
01/11/2011,2011.030137,0.33
01/12/2011,2011.032877,0.32
1/13/2011,2011.035616,0.32
1/14/2011,2011.038356,0.4
1/15/2011,2011.041096,0.39
1/16/2011,2011.043836,0.39
1/17/2011,2011.046575,0.35
1/18/2011,2011.049315,0.31
1/19/2011,2011.052055,0.31
1/20/2011,2011.054795,0.39
1/21/2011,2011.057534,0.42
1/22/2011,2011.060274,0.44
1/23/2011,2011.063014,0.44
1/24/2011,2011.065753,0.42
1/25/2011,2011.068493,0.41
1/26/2011,2011.071233,0.42
1/27/2011,2011.073973,0.42
1/28/2011,2011.076712,0.45
1/29/2011,2011.079452,0.44
1/30/2011,2011.082192,0.48
1/31/2011,2011.084932,0.52
02/01/2011,2011.087671,0.7
02/02/2011,2011.090411,0.72
02/03/2011,2011.093151,0.69
02/04/2011,2011.09589,0.81
02/05/2011,2011.09863,0.92
02/06/2011,2011.10137,0.9
02/07/2011,2011.10411,0.89
02/08/2011,2011.106849,0.92
02/09/2011,2011.109589,1.09
02/10/2011,2011.112329,0.98
02/11/2011,2011.115068,1.07
02/12/2011,2011.117808,1.08
2/13/2011,2011.120548,1.05
2/14/2011,2011.123288,1.07
2/15/2011,2011.126027,1.05
2/16/2011,2011.128767,1.04
2/17/2011,2011.131507,1.04
2/18/2011,2011.134247,0.9
2/19/2011,2011.136986,0.95
2/20/2011,2011.139726,0.85
2/21/2011,2011.142466,0.83
2/22/2011,2011.145205,0.87
2/23/2011,2011.147945,0.9
2/24/2011,2011.150685,1
2/25/2011,2011.153425,0.91
2/26/2011,2011.156164,0.96
2/27/2011,2011.158904,0.89
2/28/2011,2011.161644,0.86
03/01/2011,2011.164384,0.92
03/02/2011,2011.167123,0.94
03/03/2011,2011.169863,0.94
03/04/2011,2011.172603,0.9
03/05/2011,2011.175342,0.91
03/06/2011,2011.178082,0.9
03/07/2011,2011.180822,0.88
03/08/2011,2011.183562,0.87
03/09/2011,2011.186301,0.86
03/10/2011,2011.189041,0.93
03/11/2011,2011.191781,0.88
03/12/2011,2011.194521,0.92
3/13/2011,2011.19726,0.89
3/14/2011,2011.2,0.89
3/15/2011,2011.20274,0.87
3/16/2011,2011.205479,0.86
3/17/2011,2011.208219,0.83
3/18/2011,2011.210959,0.82
3/19/2011,2011.213699,0.76
3/20/2011,2011.216438,0.74
3/21/2011,2011.219178,0.76
3/22/2011,2011.221918,0.81
3/23/2011,2011.224658,0.85
3/24/2011,2011.227397,0.87
3/25/2011,2011.230137,0.88
3/26/2011,2011.232877,0.86
3/27/2011,2011.235616,0.82
3/28/2011,2011.238356,0.8
3/29/2011,2011.241096,0.79
3/30/2011,2011.243836,0.79
3/31/2011,2011.246575,0.78
04/01/2011,2011.249315,0.77
04/02/2011,2011.252055,0.78
04/03/2011,2011.254795,0.78
04/04/2011,2011.257534,0.68
04/05/2011,2011.260274,0.71
04/06/2011,2011.263014,0.74
04/07/2011,2011.265753,0.75
04/08/2011,2011.268493,0.75
04/09/2011,2011.271233,0.73
04/10/2011,2011.273973,0.74
04/11/2011,2011.276712,0.77
04/12/2011,2011.279452,0.86
4/13/2011,2011.282192,0.92
4/14/2011,2011.284932,1
4/15/2011,2011.287671,0.99
4/16/2011,2011.290411,1.05
4/17/2011,2011.293151,1.11
4/18/2011,2011.29589,1.16
4/19/2011,2011.29863,1.2
4/20/2011,2011.30137,1.14
4/21/2011,2011.30411,1.21
4/22/2011,2011.306849,1.41
4/23/2011,2011.309589,1.7
4/24/2011,2011.312329,1.63
4/25/2011,2011.315068,1.56
4/26/2011,2011.317808,1.79
4/27/2011,2011.320548,1.9
4/28/2011,2011.323288,2.21
4/29/2011,2011.326027,2.88
4/30/2011,2011.328767,3.5
05/01/2011,2011.331507,3.03
05/02/2011,2011.334247,3.2
05/03/2011,2011.336986,3.41
05/04/2011,2011.339726,3.41
05/05/2011,2011.342466,3.33
05/06/2011,2011.345205,3.45
05/07/2011,2011.347945,3.64
05/08/2011,2011.350685,3.87
05/09/2011,2011.353425,3.8
05/10/2011,2011.356164,5.81
05/11/2011,2011.358904,5.5
05/12/2011,2011.361644,6.3
5/13/2011,2011.364384,8.2
5/14/2011,2011.367123,7.2
5/15/2011,2011.369863,6.99
5/16/2011,2011.372603,8.03
5/17/2011,2011.375342,7.19
5/18/2011,2011.378082,6.88
5/19/2011,2011.380822,6.8
5/20/2011,2011.383562,5.59
5/21/2011,2011.386301,6.12
5/22/2011,2011.389041,6.69
5/23/2011,2011.391781,7.15
5/24/2011,2011.394521,7.42
5/25/2011,2011.39726,8.4
5/26/2011,2011.4,8.8
5/27/2011,2011.40274,8.5
5/28/2011,2011.405479,8.3
5/29/2011,2011.408219,8.43
5/30/2011,2011.410959,8.8
5/31/2011,2011.413699,8.74
06/01/2011,2011.416438,9.57
06/02/2011,2011.419178,10.6
06/03/2011,2011.421918,14.29
06/04/2011,2011.424658,18.89
06/05/2011,2011.427397,16.7
06/06/2011,2011.430137,18.55
06/07/2011,2011.432877,23.92
06/08/2011,2011.435616,29.6
06/09/2011,2011.438356,28.92
06/10/2011,2011.441096,23.95
06/11/2011,2011.443836,14.65
06/12/2011,2011.446575,18.55
6/13/2011,2011.449315,19.84
6/14/2011,2011.452055,19.28
6/15/2011,2011.454795,19.49
6/16/2011,2011.457534,17
6/17/2011,2011.460274,15.68
6/18/2011,2011.463014,16.89
6/19/2011,2011.465753,17.51
6/20/2011,2011.468493,17.51
6/21/2011,2011.471233,17.51
6/22/2011,2011.473973,17.51
6/23/2011,2011.476712,17.51
6/24/2011,2011.479452,17.51
6/25/2011,2011.482192,17.51
6/26/2011,2011.484932,16.45
6/27/2011,2011.487671,16.75
6/28/2011,2011.490411,16.95
6/29/2011,2011.493151,16.84
6/30/2011,2011.49589,16.1
07/01/2011,2011.49863,15.4
07/02/2011,2011.50137,15.4
07/03/2011,2011.50411,15.44
07/04/2011,2011.506849,13.86
07/05/2011,2011.509589,12.91
07/06/2011,2011.512329,14.78
07/07/2011,2011.515068,14.78
07/08/2011,2011.517808,14.31
07/09/2011,2011.520548,14.38
07/10/2011,2011.523288,14.9
07/11/2011,2011.526027,14.21
07/12/2011,2011.528767,14.01
7/13/2011,2011.531507,13.95
7/14/2011,2011.534247,13.99
7/15/2011,2011.536986,13.81
7/16/2011,2011.539726,13.72
7/17/2011,2011.542466,13.16
7/18/2011,2011.545205,13.48
7/19/2011,2011.547945,13.85
7/20/2011,2011.550685,13.69
7/21/2011,2011.553425,13.61
7/22/2011,2011.556164,13.7
7/23/2011,2011.558904,13.68
7/24/2011,2011.561644,13.98
7/25/2011,2011.564384,14.05
7/26/2011,2011.567123,13.88
7/27/2011,2011.569863,13.94
7/28/2011,2011.572603,13.49
7/29/2011,2011.575342,13.5
7/30/2011,2011.578082,13.53
7/31/2011,2011.580822,13.35
08/01/2011,2011.583562,13.09
08/02/2011,2011.586301,12.05
08/03/2011,2011.589041,9.26
08/04/2011,2011.591781,10.75
08/05/2011,2011.594521,9.8
08/06/2011,2011.59726,6.55
08/07/2011,2011.6,7.9
08/08/2011,2011.60274,7.8
08/09/2011,2011.605479,9.99
08/10/2011,2011.608219,9.98
08/11/2011,2011.610959,9.46
08/12/2011,2011.613699,9.46
8/13/2011,2011.616438,10.13
8/14/2011,2011.619178,10.8
8/15/2011,2011.621918,11.15
8/16/2011,2011.624658,10.96
8/17/2011,2011.627397,10.95
8/18/2011,2011.630137,10.83
8/19/2011,2011.632877,11.65
8/20/2011,2011.635616,11.45
8/21/2011,2011.638356,11.31
8/22/2011,2011.641096,10.89
8/23/2011,2011.643836,10.94
8/24/2011,2011.646575,10.85
8/25/2011,2011.649315,9.66
8/26/2011,2011.652055,8.18
8/27/2011,2011.654795,8.59
8/28/2011,2011.657534,9.07
8/29/2011,2011.660274,8.97
8/30/2011,2011.663014,8.79
8/31/2011,2011.665753,8.2
09/01/2011,2011.668493,8.21
09/02/2011,2011.671233,8.64
09/03/2011,2011.673973,8.48
09/04/2011,2011.676712,8.18
09/05/2011,2011.679452,7.61
09/06/2011,2011.682192,6.86
09/07/2011,2011.684932,7.19
09/08/2011,2011.687671,6.53
09/09/2011,2011.690411,5.03
09/10/2011,2011.693151,4.77
09/11/2011,2011.69589,5.86
09/12/2011,2011.69863,6.08
9/13/2011,2011.70137,5.8
9/14/2011,2011.70411,5.62
9/15/2011,2011.706849,4.84
9/16/2011,2011.709589,4.82
9/17/2011,2011.712329,4.77
9/18/2011,2011.715068,5.2
9/19/2011,2011.717808,5.46
9/20/2011,2011.720548,6.11
9/21/2011,2011.723288,5.61
9/22/2011,2011.726027,5.43
9/23/2011,2011.728767,5.55
9/24/2011,2011.731507,5.47
9/25/2011,2011.734247,5.33
9/26/2011,2011.736986,4.87
9/27/2011,2011.739726,4.92
9/28/2011,2011.742466,4.77
9/29/2011,2011.745205,4.78
9/30/2011,2011.747945,5.14
10/01/2011,2011.750685,5.03
10/02/2011,2011.753425,5.03
10/03/2011,2011.756164,5.02
10/04/2011,2011.758904,4.96
10/05/2011,2011.761644,4.87
10/06/2011,2011.764384,4.73
10/07/2011,2011.767123,4.27
10/08/2011,2011.769863,4.01
10/09/2011,2011.772603,4.1
10/10/2011,2011.775342,4.1
10/11/2011,2011.778082,3.93
10/12/2011,2011.780822,4.15
10/13/2011,2011.783562,4.05
10/14/2011,2011.786301,3.99
10/15/2011,2011.789041,3.84
10/16/2011,2011.791781,3.56
10/17/2011,2011.794521,2.56
10/18/2011,2011.79726,2.42
10/19/2011,2011.8,2.27
10/20/2011,2011.80274,2.35
10/21/2011,2011.805479,2.57
10/22/2011,2011.808219,3.16
10/23/2011,2011.810959,3.17
10/24/2011,2011.813699,2.54
10/25/2011,2011.816438,2.77
10/26/2011,2011.819178,2.77
10/27/2011,2011.821918,3.04
10/28/2011,2011.824658,3.19
10/29/2011,2011.827397,3.58
10/30/2011,2011.830137,3.27
10/31/2011,2011.832877,3.25
11/01/2011,2011.835616,3.15
11/02/2011,2011.838356,3.25
11/03/2011,2011.841096,3.15
11/04/2011,2011.843836,3.11
11/05/2011,2011.846575,2.97
11/06/2011,2011.849315,2.96
11/07/2011,2011.852055,3.01
11/08/2011,2011.854795,3.03
11/09/2011,2011.857534,2.95
11/10/2011,2011.860274,2.84
11/11/2011,2011.863014,3.08
11/12/2011,2011.865753,3.03
11/13/2011,2011.868493,3
11/14/2011,2011.871233,2.22
11/15/2011,2011.873973,2.33
11/16/2011,2011.876712,2.56
11/17/2011,2011.879452,2.25
11/18/2011,2011.882192,2.05
11/19/2011,2011.884932,2.2
11/20/2011,2011.887671,2.2
11/21/2011,2011.890411,2.29
11/22/2011,2011.893151,2.33
11/23/2011,2011.89589,2.33
11/24/2011,2011.89863,2.43
11/25/2011,2011.90137,2.51
11/26/2011,2011.90411,2.47
11/27/2011,2011.906849,2.48
11/28/2011,2011.909589,2.55
11/29/2011,2011.912329,2.75
11/30/2011,2011.915068,2.97
12/01/2011,2011.917808,3.06
12/02/2011,2011.920548,3.12
12/03/2011,2011.923288,2.79
12/04/2011,2011.926027,2.83
12/05/2011,2011.928767,2.88
12/06/2011,2011.931507,3.03
12/07/2011,2011.934247,2.99
12/08/2011,2011.936986,2.98
12/09/2011,2011.939726,2.97
12/10/2011,2011.942466,3.05
12/11/2011,2011.945205,3.25
12/12/2011,2011.947945,3.13
12/13/2011,2011.950685,3.25
12/14/2011,2011.953425,3.15
12/15/2011,2011.956164,3.2
12/16/2011,2011.958904,3.2
12/17/2011,2011.961644,3.2
12/18/2011,2011.964384,3.19
12/19/2011,2011.967123,3.52
12/20/2011,2011.969863,3.95
12/21/2011,2011.972603,3.89
12/22/2011,2011.975342,3.89
12/23/2011,2011.978082,3.95
12/24/2011,2011.980822,3.94
12/25/2011,2011.983562,4.22
12/26/2011,2011.986301,4.02
12/27/2011,2011.989041,4.07
12/28/2011,2011.991781,4.19
12/29/2011,2011.994521,4.17
12/30/2011,2011.99726,4.25
12/31/2011,2012,4.72
01/01/2012,2012.00274,5.27
01/02/2012,2012.005479,5.22
01/03/2012,2012.008219,4.88
01/04/2012,2012.010959,5.57
01/05/2012,2012.013699,6.95
01/06/2012,2012.016438,6.7
01/07/2012,2012.019178,6.81
01/08/2012,2012.021918,7.11
01/09/2012,2012.024658,6.33
01/10/2012,2012.027397,6.36
01/11/2012,2012.030137,6.9
01/12/2012,2012.032877,6.8
1/13/2012,2012.035616,6.41
1/14/2012,2012.038356,6.75
1/15/2012,2012.041096,7
1/16/2012,2012.043836,6.68
1/17/2012,2012.046575,5.6
1/18/2012,2012.049315,5.92
1/19/2012,2012.052055,6.36
1/20/2012,2012.054795,6.49
1/21/2012,2012.057534,6.18
1/22/2012,2012.060274,6.31
1/23/2012,2012.063014,6.36
1/24/2012,2012.065753,6.29
1/25/2012,2012.068493,5.75
1/26/2012,2012.071233,5.34
1/27/2012,2012.073973,5.29
1/28/2012,2012.076712,5.63
1/29/2012,2012.079452,5.38
1/30/2012,2012.082192,5.49
1/31/2012,2012.084932,5.48
02/01/2012,2012.087671,6.08
02/02/2012,2012.090411,6.1
02/03/2012,2012.093151,5.96
02/04/2012,2012.09589,5.87
02/05/2012,2012.09863,5.69
02/06/2012,2012.10137,5.45
02/07/2012,2012.10411,5.69
02/08/2012,2012.106849,5.6
02/09/2012,2012.109589,5.83
02/10/2012,2012.112329,5.91
02/11/2012,2012.115068,5.6
02/12/2012,2012.117808,5.51
2/13/2012,2012.120548,5.26
2/14/2012,2012.123288,4.46
2/15/2012,2012.126027,4.33
2/16/2012,2012.128767,4.27
2/17/2012,2012.131507,4.41
2/18/2012,2012.134247,4.22
2/19/2012,2012.136986,4.39
2/20/2012,2012.139726,4.36
2/21/2012,2012.142466,4.27
2/22/2012,2012.145205,4.42
2/23/2012,2012.147945,5.01
2/24/2012,2012.150685,5.03
2/25/2012,2012.153425,4.77
2/26/2012,2012.156164,4.92
2/27/2012,2012.158904,4.96
2/28/2012,2012.161644,4.87
2/29/2012,2012.164384,4.86
03/01/2012,2012.167123,4.92
03/02/2012,2012.169863,4.7
03/03/2012,2012.172603,4.61
03/04/2012,2012.175342,4.82
03/05/2012,2012.178082,4.98
03/06/2012,2012.180822,4.99
03/07/2012,2012.183562,4.94
03/08/2012,2012.186301,4.93
03/09/2012,2012.189041,4.86
03/10/2012,2012.191781,4.83
03/11/2012,2012.194521,4.91
03/12/2012,2012.19726,4.89
3/13/2012,2012.2,5.27
3/14/2012,2012.20274,5.38
3/15/2012,2012.205479,5.33
3/16/2012,2012.208219,5.34
3/17/2012,2012.210959,5.22
3/18/2012,2012.213699,5.28
3/19/2012,2012.216438,4.69
3/20/2012,2012.219178,4.84
3/21/2012,2012.221918,4.81
3/22/2012,2012.224658,4.7
3/23/2012,2012.227397,4.69
3/24/2012,2012.230137,4.68
3/25/2012,2012.232877,4.55
3/26/2012,2012.235616,4.62
3/27/2012,2012.238356,4.81
3/28/2012,2012.241096,4.79
3/29/2012,2012.243836,4.81
3/30/2012,2012.246575,4.86
3/31/2012,2012.249315,4.91
04/01/2012,2012.252055,4.83
04/02/2012,2012.254795,4.97
04/03/2012,2012.257534,4.95
04/04/2012,2012.260274,4.91
04/05/2012,2012.263014,4.92
04/06/2012,2012.265753,4.95
04/07/2012,2012.268493,4.69
04/08/2012,2012.271233,4.79
04/09/2012,2012.273973,4.87
04/10/2012,2012.276712,4.84
04/11/2012,2012.279452,4.93
04/12/2012,2012.282192,4.92
4/13/2012,2012.284932,4.94
4/14/2012,2012.287671,4.96
4/15/2012,2012.290411,4.97
4/16/2012,2012.293151,4.93
4/17/2012,2012.29589,4.98
4/18/2012,2012.29863,5.12
4/19/2012,2012.30137,5.14
4/20/2012,2012.30411,5.35
4/21/2012,2012.306849,5.26
4/22/2012,2012.309589,5.2
4/23/2012,2012.312329,4.96
4/24/2012,2012.315068,5.1
4/25/2012,2012.317808,5.13
4/26/2012,2012.320548,5.1
4/27/2012,2012.323288,5.11
4/28/2012,2012.326027,4.98
4/29/2012,2012.328767,4.9
4/30/2012,2012.331507,4.95
05/01/2012,2012.334247,5
05/02/2012,2012.336986,5.07
05/03/2012,2012.339726,5.13
05/04/2012,2012.342466,5.07
05/05/2012,2012.345205,5.08
05/06/2012,2012.347945,5.05
05/07/2012,2012.350685,5.06
05/08/2012,2012.353425,5.05
05/09/2012,2012.356164,5.04
05/10/2012,2012.358904,4.85
05/11/2012,2012.361644,4.96
05/12/2012,2012.364384,4.95
5/13/2012,2012.367123,4.93
5/14/2012,2012.369863,5.01
5/15/2012,2012.372603,5.03
5/16/2012,2012.375342,5.09
5/17/2012,2012.378082,5.1
5/18/2012,2012.380822,5.12
5/19/2012,2012.383562,5.1
5/20/2012,2012.386301,5.09
5/21/2012,2012.389041,5.1
5/22/2012,2012.391781,5.1
5/23/2012,2012.394521,5.14
5/24/2012,2012.39726,5.12
5/25/2012,2012.4,5.15
5/26/2012,2012.40274,5.1
5/27/2012,2012.405479,5.14
5/28/2012,2012.408219,5.14
5/29/2012,2012.410959,5.15
5/30/2012,2012.413699,5.13
5/31/2012,2012.416438,5.18
06/01/2012,2012.419178,5.27
06/02/2012,2012.421918,5.25
06/03/2012,2012.424658,5.21
06/04/2012,2012.427397,5.27
06/05/2012,2012.430137,5.44
06/06/2012,2012.432877,5.46
06/07/2012,2012.435616,5.59
06/08/2012,2012.438356,5.63
06/09/2012,2012.441096,5.56
06/10/2012,2012.443836,5.47
06/11/2012,2012.446575,5.57
06/12/2012,2012.449315,5.7
6/13/2012,2012.452055,5.93
6/14/2012,2012.454795,5.95
6/15/2012,2012.457534,6.5
6/16/2012,2012.460274,6.4
6/17/2012,2012.463014,6.16
6/18/2012,2012.465753,6.31
6/19/2012,2012.468493,6.5
6/20/2012,2012.471233,6.67
6/21/2012,2012.473973,6.68
6/22/2012,2012.476712,6.55
6/23/2012,2012.479452,6.43
6/24/2012,2012.482192,6.35
6/25/2012,2012.484932,6.3
6/26/2012,2012.487671,6.42
6/27/2012,2012.490411,6.65
6/28/2012,2012.493151,6.61
6/29/2012,2012.49589,6.65
6/30/2012,2012.49863,6.69
07/01/2012,2012.50137,6.63
07/02/2012,2012.50411,6.76
07/03/2012,2012.506849,6.45
07/04/2012,2012.509589,6.51
07/05/2012,2012.512329,6.67
07/06/2012,2012.515068,6.65
07/07/2012,2012.517808,6.76
07/08/2012,2012.520548,6.8
07/09/2012,2012.523288,7.02
07/10/2012,2012.526027,7.2
07/11/2012,2012.528767,7.15
07/12/2012,2012.531507,7.76
7/13/2012,2012.534247,7.67
7/14/2012,2012.536986,7.54
7/15/2012,2012.539726,7.62
7/16/2012,2012.542466,8.5
7/17/2012,2012.545205,8.8
7/18/2012,2012.547945,9.11
7/19/2012,2012.550685,8.87
7/20/2012,2012.553425,8.52
7/21/2012,2012.556164,8.85
7/22/2012,2012.558904,8.41
7/23/2012,2012.561644,8.45
7/24/2012,2012.564384,8.6
7/25/2012,2012.567123,8.8
7/26/2012,2012.569863,8.9
7/27/2012,2012.572603,8.9
7/28/2012,2012.575342,8.89
7/29/2012,2012.578082,8.71
7/30/2012,2012.580822,9.1
7/31/2012,2012.583562,9.35
08/01/2012,2012.586301,9.55
08/02/2012,2012.589041,10.53
08/03/2012,2012.591781,10.97
08/04/2012,2012.594521,10.98
08/05/2012,2012.59726,10.87
08/06/2012,2012.6,10.86
08/07/2012,2012.60274,11.1
08/08/2012,2012.605479,11.06
08/09/2012,2012.608219,11.06
08/10/2012,2012.610959,11.39
08/11/2012,2012.613699,11.51
08/12/2012,2012.616438,11.62
8/13/2012,2012.619178,12.04
8/14/2012,2012.621918,12.19
8/15/2012,2012.624658,13.25
8/16/2012,2012.627397,13.5
8/17/2012,2012.630137,11.58
8/18/2012,2012.632877,11.61
8/19/2012,2012.635616,8
8/20/2012,2012.638356,10.1
8/21/2012,2012.641096,9.91
8/22/2012,2012.643836,9.81
8/23/2012,2012.646575,10.1
8/24/2012,2012.649315,10.6
8/25/2012,2012.652055,10.52
8/26/2012,2012.654795,10.61
8/27/2012,2012.657534,10.95
8/28/2012,2012.660274,10.94
8/29/2012,2012.663014,10.92
8/30/2012,2012.665753,10.78
8/31/2012,2012.668493,10.16
09/01/2012,2012.671233,9.97
09/02/2012,2012.673973,10.2
09/03/2012,2012.676712,10.53
09/04/2012,2012.679452,10.38
09/05/2012,2012.682192,11
09/06/2012,2012.684932,11.18
09/07/2012,2012.687671,11
09/08/2012,2012.690411,11.04
09/09/2012,2012.693151,11.02
09/10/2012,2012.69589,11.17
09/11/2012,2012.69863,11.33
09/12/2012,2012.70137,11.36
9/13/2012,2012.70411,11.4
9/14/2012,2012.706849,11.67
9/15/2012,2012.709589,11.75
9/16/2012,2012.712329,11.87
9/17/2012,2012.715068,11.89
9/18/2012,2012.717808,12.25
9/19/2012,2012.720548,12.57
9/20/2012,2012.723288,12.28
9/21/2012,2012.726027,12.37
9/22/2012,2012.728767,12.24
9/23/2012,2012.731507,12.19
9/24/2012,2012.734247,12.1
9/25/2012,2012.736986,12.2
9/26/2012,2012.739726,12.27
9/27/2012,2012.742466,12.31
9/28/2012,2012.745205,12.39
9/29/2012,2012.747945,12.36
9/30/2012,2012.750685,12.4
10/01/2012,2012.753425,12.4
10/02/2012,2012.756164,12.84
10/03/2012,2012.758904,12.89
10/04/2012,2012.761644,12.85
10/05/2012,2012.764384,12.69
10/06/2012,2012.767123,12.5
10/07/2012,2012.769863,11.8
10/08/2012,2012.772603,11.78
10/09/2012,2012.775342,11.89
10/10/2012,2012.778082,12.12
10/11/2012,2012.780822,12.03
10/12/2012,2012.783562,12
10/13/2012,2012.786301,11.86
10/14/2012,2012.789041,11.74
10/15/2012,2012.791781,11.84
10/16/2012,2012.794521,11.85
10/17/2012,2012.79726,11.81
10/18/2012,2012.8,11.94
10/19/2012,2012.80274,11.74
10/20/2012,2012.805479,11.74
10/21/2012,2012.808219,11.63
10/22/2012,2012.810959,11.71
10/23/2012,2012.813699,11.65
10/24/2012,2012.816438,11.65
10/25/2012,2012.819178,10.86
10/26/2012,2012.821918,10.17
10/27/2012,2012.824658,10.26
10/28/2012,2012.827397,10.7
10/29/2012,2012.830137,10.6
10/30/2012,2012.832877,10.89
10/31/2012,2012.835616,11.2
11/01/2012,2012.838356,10.57
11/02/2012,2012.841096,10.47
11/03/2012,2012.843836,10.64
11/04/2012,2012.846575,10.8
11/05/2012,2012.849315,10.75
11/06/2012,2012.852055,10.9
11/07/2012,2012.854795,10.92
11/08/2012,2012.857534,10.92
11/09/2012,2012.860274,10.81
11/10/2012,2012.863014,10.89
11/11/2012,2012.865753,10.87
11/12/2012,2012.868493,11.01
11/13/2012,2012.871233,10.95
11/14/2012,2012.873973,10.95
11/15/2012,2012.876712,11.2
11/16/2012,2012.879452,11.75
11/17/2012,2012.882192,11.79
11/18/2012,2012.884932,11.65
11/19/2012,2012.887671,11.8
11/20/2012,2012.890411,11.73
11/21/2012,2012.893151,11.77
11/22/2012,2012.89589,12.42
11/23/2012,2012.89863,12.34
11/24/2012,2012.90137,12.41
11/25/2012,2012.90411,12.48
11/26/2012,2012.906849,12.25
11/27/2012,2012.909589,12.2
11/28/2012,2012.912329,12.35
11/29/2012,2012.915068,12.45
11/30/2012,2012.917808,12.56
12/01/2012,2012.920548,12.56
12/02/2012,2012.923288,12.5
12/03/2012,2012.926027,12.68
12/04/2012,2012.928767,13.41
12/05/2012,2012.931507,13.38
12/06/2012,2012.934247,13.3
12/07/2012,2012.936986,13.5
12/08/2012,2012.939726,13.42
12/09/2012,2012.942466,13.39
12/10/2012,2012.945205,13.43
12/11/2012,2012.947945,13.56
12/12/2012,2012.950685,13.7
12/13/2012,2012.953425,13.7
12/14/2012,2012.956164,13.6
12/15/2012,2012.958904,13.49
12/16/2012,2012.961644,13.3
12/17/2012,2012.964384,13.25
12/18/2012,2012.967123,13.3
12/19/2012,2012.969863,13.6
12/20/2012,2012.972603,13.52
12/21/2012,2012.975342,13.5
12/22/2012,2012.978082,13.37
12/23/2012,2012.980822,13.31
12/24/2012,2012.983562,13.38
12/25/2012,2012.986301,13.35
12/26/2012,2012.989041,13.47
12/27/2012,2012.991781,13.42
12/28/2012,2012.994521,13.42
12/29/2012,2012.99726,13.4
12/30/2012,2013,13.45
12/31/2012,2013.00274,13.51
01/01/2013,2013.00274,13.3
01/02/2013,2013.005479,13.28
01/03/2013,2013.008219,13.4
01/04/2013,2013.010959,13.5
01/05/2013,2013.013699,13.44
01/06/2013,2013.016438,13.45
01/07/2013,2013.019178,13.59
01/08/2013,2013.021918,13.74
01/09/2013,2013.024658,13.77
01/10/2013,2013.027397,14.14
01/11/2013,2013.030137,14.14
01/12/2013,2013.032877,14.24
1/13/2013,2013.035616,14.12
1/14/2013,2013.038356,14.3
1/15/2013,2013.041096,14.25
1/16/2013,2013.043836,14.73
1/17/2013,2013.046575,15.5
1/18/2013,2013.049315,15.7
1/19/2013,2013.052055,15.61
1/20/2013,2013.054795,15.7
1/21/2013,2013.057534,16.8
1/22/2013,2013.060274,17.26
1/23/2013,2013.063014,17.5
1/24/2013,2013.065753,16.9
1/25/2013,2013.068493,17.4
1/26/2013,2013.071233,17.88
1/27/2013,2013.073973,17.82
1/28/2013,2013.076712,18.72
1/29/2013,2013.079452,19.53
1/30/2013,2013.082192,19.7
1/31/2013,2013.084932,20.41
02/01/2013,2013.087671,20.5
02/02/2013,2013.090411,19.63
02/03/2013,2013.093151,20.59
02/04/2013,2013.09589,20.43
02/05/2013,2013.09863,20.6
02/06/2013,2013.10137,21.18
02/07/2013,2013.10411,22.15
02/08/2013,2013.106849,22.66
02/09/2013,2013.109589,23.65
02/10/2013,2013.112329,23.97
02/11/2013,2013.115068,24.65
02/12/2013,2013.117808,25.17
2/13/2013,2013.120548,24.2
2/14/2013,2013.123288,27.22
2/15/2013,2013.126027,27.1
2/16/2013,2013.128767,27.22
2/17/2013,2013.131507,26.81
2/18/2013,2013.134247,26.95
2/19/2013,2013.136986,29.42
2/20/2013,2013.139726,29.64
2/21/2013,2013.142466,29.75
2/22/2013,2013.145205,30.25
2/23/2013,2013.147945,29.8
2/24/2013,2013.150685,29.89
2/25/2013,2013.153425,30.4
2/26/2013,2013.156164,31.1
2/27/2013,2013.158904,30.9
2/28/2013,2013.161644,33.38
03/01/2013,2013.164384,34.5
03/02/2013,2013.167123,34.25
03/03/2013,2013.169863,34.5
03/04/2013,2013.172603,36.15
03/05/2013,2013.175342,40.33
03/06/2013,2013.178082,41.02
03/07/2013,2013.180822,42
03/08/2013,2013.183562,44.18
03/09/2013,2013.186301,46.85
03/10/2013,2013.189041,46
03/11/2013,2013.191781,48.4
03/12/2013,2013.194521,44.29
3/13/2013,2013.19726,46.92
3/14/2013,2013.2,47.17
3/15/2013,2013.20274,46.95
3/16/2013,2013.205479,47
3/17/2013,2013.208219,47.4
3/18/2013,2013.210959,51.6
3/19/2013,2013.213699,59.14
3/20/2013,2013.216438,64.49
3/21/2013,2013.219178,70.85
3/22/2013,2013.221918,69.86
3/23/2013,2013.224658,64.35
3/24/2013,2013.227397,71.5
3/25/2013,2013.230137,73.6
3/26/2013,2013.232877,78.5
3/27/2013,2013.235616,88.92
3/28/2013,2013.238356,86.18
3/29/2013,2013.241096,90.5
3/30/2013,2013.243836,92.19
3/31/2013,2013.246575,93.03
04/01/2013,2013.249315,104
04/02/2013,2013.252055,117.98
04/03/2013,2013.254795,135
04/04/2013,2013.257534,132.12
04/05/2013,2013.260274,142.32
04/06/2013,2013.263014,142.63
04/07/2013,2013.265753,162.3
04/08/2013,2013.268493,187.5
04/09/2013,2013.271233,230
04/10/2013,2013.273973,165
04/11/2013,2013.276712,124.9
04/12/2013,2013.279452,117
4/13/2013,2013.282192,93
4/14/2013,2013.284932,90
4/15/2013,2013.287671,82.39
4/16/2013,2013.290411,68.36
4/17/2013,2013.293151,93.07
4/18/2013,2013.29589,109.01
4/19/2013,2013.29863,118.48
4/20/2013,2013.30137,126.62
4/21/2013,2013.30411,119.2
4/22/2013,2013.306849,127.4
4/23/2013,2013.309589,143.47
4/24/2013,2013.312329,154.2
4/25/2013,2013.315068,141.71
4/26/2013,2013.317808,136.9
4/27/2013,2013.320548,128
4/28/2013,2013.323288,134.44
4/29/2013,2013.326027,144
4/30/2013,2013.328767,139.23
05/01/2013,2013.331507,116.38
05/02/2013,2013.334247,106.25
05/03/2013,2013.336986,98.1
05/04/2013,2013.339726,112.9
05/05/2013,2013.342466,115.98
05/06/2013,2013.345205,112.25
05/07/2013,2013.347945,109.6
05/08/2013,2013.350685,113.2
05/09/2013,2013.353425,112.8
05/10/2013,2013.356164,117.7
05/11/2013,2013.358904,115.64
05/12/2013,2013.361644,114.82
5/13/2013,2013.364384,117.98
5/14/2013,2013.367123,111.4
5/15/2013,2013.369863,114.22
5/16/2013,2013.372603,118.21
5/17/2013,2013.375342,123.5
5/18/2013,2013.378082,123.21
5/19/2013,2013.380822,122.5
5/20/2013,2013.383562,122.02
5/21/2013,2013.386301,122.89
5/22/2013,2013.389041,123.8
5/23/2013,2013.391781,126.3
5/24/2013,2013.394521,133.1
5/25/2013,2013.39726,131.99
5/26/2013,2013.4,133.5
5/27/2013,2013.40274,129.77
5/28/2013,2013.405479,129
5/29/2013,2013.408219,132.25
5/30/2013,2013.410959,128.8
5/31/2013,2013.413699,128.82
06/01/2013,2013.416438,129.3
06/02/2013,2013.419178,122.5
06/03/2013,2013.421918,120.74
06/04/2013,2013.424658,121.4
06/05/2013,2013.427397,121.9
06/06/2013,2013.430137,118.97
06/07/2013,2013.432877,111
06/08/2013,2013.435616,107.89
06/09/2013,2013.438356,100.44
06/10/2013,2013.441096,106.35
06/11/2013,2013.443836,109
06/12/2013,2013.446575,108.78
6/13/2013,2013.449315,103.95
6/14/2013,2013.452055,100
6/15/2013,2013.454795,99.8
6/16/2013,2013.457534,99.9
6/17/2013,2013.460274,101.95
6/18/2013,2013.463014,107.35
6/19/2013,2013.465753,108.25
6/20/2013,2013.468493,111.29
6/21/2013,2013.471233,109.5
6/22/2013,2013.473973,108.2
6/23/2013,2013.476712,107.9
6/24/2013,2013.479452,102.09
6/25/2013,2013.482192,103.33
6/26/2013,2013.484932,104
6/27/2013,2013.487671,101.74
6/28/2013,2013.490411,94.66
6/29/2013,2013.493151,95
6/30/2013,2013.49589,97.51
07/01/2013,2013.49863,84.61
07/02/2013,2013.50137,87.66
07/03/2013,2013.50411,76.89
07/04/2013,2013.506849,77.68
07/05/2013,2013.509589,66.34
07/06/2013,2013.512329,66.85
07/07/2013,2013.515068,72.51
07/08/2013,2013.517808,74.56
07/09/2013,2013.520548,74.22
07/10/2013,2013.523288,84.51
07/11/2013,2013.526027,91.22
07/12/2013,2013.528767,88.46
7/13/2013,2013.531507,91.39
7/14/2013,2013.534247,90.37
7/15/2013,2013.536986,93.14
7/16/2013,2013.539726,92.74
7/17/2013,2013.542466,90.54
7/18/2013,2013.545205,85.43
7/19/2013,2013.547945,85.78
7/20/2013,2013.550685,85.67
7/21/2013,2013.553425,85.47
7/22/2013,2013.556164,86.09
7/23/2013,2013.558904,86.94
7/24/2013,2013.561644,87.46
7/25/2013,2013.564384,89.41
7/26/2013,2013.567123,90.63
7/27/2013,2013.569863,89.1
7/28/2013,2013.572603,92.1
7/29/2013,2013.575342,93.3
7/30/2013,2013.578082,96.31
7/31/2013,2013.580822,97.91
08/01/2013,2013.583562,96.42
08/02/2013,2013.586301,97.24
08/03/2013,2013.589041,96.66
08/04/2013,2013.591781,96.6
08/05/2013,2013.594521,96.92
08/06/2013,2013.59726,97.13
08/07/2013,2013.6,96.92
08/08/2013,2013.60274,94.77
08/09/2013,2013.605479,93.36
08/10/2013,2013.608219,93.29
08/11/2013,2013.610959,94.16
08/12/2013,2013.613699,95.08
8/13/2013,2013.616438,97.9
8/14/2013,2013.619178,97.96
8/15/2013,2013.621918,97.54
8/16/2013,2013.624658,98.33
8/17/2013,2013.627397,99.56
8/18/2013,2013.630137,98.84
8/19/2013,2013.632877,102.3
8/20/2013,2013.635616,105.01
8/21/2013,2013.638356,111.44
8/22/2013,2013.641096,109.73
8/23/2013,2013.643836,107.55
8/24/2013,2013.646575,108.69
8/25/2013,2013.649315,111.79
8/26/2013,2013.652055,112.23
8/27/2013,2013.654795,117.45
8/28/2013,2013.657534,117.59
8/29/2013,2013.660274,117.52
8/30/2013,2013.663014,123.23
8/31/2013,2013.665753,129.46
09/01/2013,2013.668493,128.26
09/02/2013,2013.671233,127.36
09/03/2013,2013.673973,127.59
09/04/2013,2013.676712,120.57
09/05/2013,2013.679452,120.53
09/06/2013,2013.682192,116.32
09/07/2013,2013.684932,119.05
09/08/2013,2013.687671,116.59
09/09/2013,2013.690411,120.02
09/10/2013,2013.693151,121.46
09/11/2013,2013.69589,125.45
09/12/2013,2013.69863,125.76
9/13/2013,2013.70137,126.51
9/14/2013,2013.70411,124.08
9/15/2013,2013.706849,124.58
9/16/2013,2013.709589,125.06
9/17/2013,2013.712329,125.97
9/18/2013,2013.715068,126.3
9/19/2013,2013.717808,124.19
9/20/2013,2013.720548,122.9
9/21/2013,2013.723288,122.64
9/22/2013,2013.726027,122.65
9/23/2013,2013.728767,122.22
9/24/2013,2013.731507,122.54
9/25/2013,2013.734247,123.42
9/26/2013,2013.736986,123.48
9/27/2013,2013.739726,123.5
9/28/2013,2013.742466,124.75
9/29/2013,2013.745205,125.18
9/30/2013,2013.747945,123.1
10/01/2013,2013.750685,125.49
10/02/2013,2013.753425,99.81
10/03/2013,2013.756164,116.82
10/04/2013,2013.758904,121.29
10/05/2013,2013.761644,121.14
10/06/2013,2013.764384,121.68
10/07/2013,2013.767123,123.24
10/08/2013,2013.769863,124.32
10/09/2013,2013.772603,125.84
10/10/2013,2013.775342,125.7
10/11/2013,2013.778082,125.51
10/12/2013,2013.780822,126.52
10/13/2013,2013.783562,130.42
10/14/2013,2013.786301,133.04
10/15/2013,2013.789041,138.64
10/16/2013,2013.791781,137.42
10/17/2013,2013.794521,142.73
10/18/2013,2013.79726,149.59
10/19/2013,2013.8,159.81
10/20/2013,2013.80274,163.06
10/21/2013,2013.805479,174.18
10/22/2013,2013.808219,183.86
10/23/2013,2013.810959,200.62
10/24/2013,2013.813699,183.15
10/25/2013,2013.816438,178.12
10/26/2013,2013.819178,175.9
10/27/2013,2013.821918,185.69
10/28/2013,2013.824658,187.87
10/29/2013,2013.827397,198.19
10/30/2013,2013.830137,194.55
10/31/2013,2013.832877,198.23
11/01/2013,2013.835616,198.51
11/02/2013,2013.838356,200.85
11/03/2013,2013.841096,207.63
11/04/2013,2013.843836,225.2
11/05/2013,2013.846575,239.29
11/06/2013,2013.849315,253.69
11/07/2013,2013.852055,283.3
11/08/2013,2013.854795,323.77
11/09/2013,2013.857534,336.14
11/10/2013,2013.860274,311.9
11/11/2013,2013.863014,332.63
11/12/2013,2013.865753,349.34
11/13/2013,2013.868493,393.28
11/14/2013,2013.871233,410.72
11/15/2013,2013.873973,409.17
11/16/2013,2013.876712,428.82
11/17/2013,2013.879452,476.29
11/18/2013,2013.882192,674.38
11/19/2013,2013.884932,541.83
11/20/2013,2013.887671,572.67
11/21/2013,2013.890411,695.87
11/22/2013,2013.893151,747.48
11/23/2013,2013.89589,776.7
11/24/2013,2013.89863,751.38
11/25/2013,2013.90137,778.68
11/26/2013,2013.90411,899.2
11/27/2013,2013.906849,948.41
11/28/2013,2013.909589,1037.75
11/29/2013,2013.912329,1120.4
11/30/2013,2013.915068,1124.76
12/01/2013,2013.917808,946.92
12/02/2013,2013.920548,1038.35
12/03/2013,2013.923288,1068.67
12/04/2013,2013.926027,1147.25
12/05/2013,2013.928767,1042.03
12/06/2013,2013.931507,834.03
12/07/2013,2013.934247,694.47
12/08/2013,2013.936986,795.4
12/09/2013,2013.939726,898.02
12/10/2013,2013.942466,990
12/11/2013,2013.945205,883.26
12/12/2013,2013.947945,875.75
12/13/2013,2013.950685,898.21
12/14/2013,2013.953425,867.49
12/15/2013,2013.956164,879.47
12/16/2013,2013.958904,712.51
12/17/2013,2013.961644,683.84
12/18/2013,2013.964384,522.23
12/19/2013,2013.967123,698.45
12/20/2013,2013.969863,622.84
12/21/2013,2013.972603,608.96
12/22/2013,2013.975342,617.82
12/23/2013,2013.978082,673.17
12/24/2013,2013.980822,667.62
12/25/2013,2013.983562,687.36
12/26/2013,2013.986301,765.21
12/27/2013,2013.989041,746.72
12/28/2013,2013.991781,730.47
12/29/2013,2013.994521,745.07
12/30/2013,2013.99726,754.76
12/31/2013,2014,757.5
01/01/2014,2014.00274,770.44
01/02/2014,2014.005479,808.05
01/03/2014,2014.008219,830.02
01/04/2014,2014.010959,858.98
01/05/2014,2014.013699,940.1
01/06/2014,2014.016438,951.39
01/07/2014,2014.019178,810.58
01/08/2014,2014.021918,859.95
01/09/2014,2014.024658,860.89
01/10/2014,2014.027397,884.67
01/11/2014,2014.030137,930.9
01/12/2014,2014.032877,873.26
1/13/2014,2014.035616,857.96
1/14/2014,2014.038356,851.83
1/15/2014,2014.041096,874.71
1/16/2014,2014.043836,847.37
1/17/2014,2014.046575,828.22
1/18/2014,2014.049315,843.76
1/19/2014,2014.052055,878.68
1/20/2014,2014.054795,871.05
1/21/2014,2014.057534,874.29
1/22/2014,2014.060274,863.95
1/23/2014,2014.063014,854.35
1/24/2014,2014.065753,825.12
1/25/2014,2014.068493,861.85
1/26/2014,2014.071233,880.15
1/27/2014,2014.073973,814.53
1/28/2014,2014.076712,833.94
1/29/2014,2014.079452,837.51
1/30/2014,2014.082192,845.85
1/31/2014,2014.084932,848.29
02/01/2014,2014.087671,853.02
02/02/2014,2014.090411,854.37
02/03/2014,2014.093151,846.9
02/04/2014,2014.09589,842.01
02/05/2014,2014.09863,820.87
02/06/2014,2014.10137,783.62
02/07/2014,2014.10411,703.57
02/08/2014,2014.106849,676.91
02/09/2014,2014.109589,681.94
02/10/2014,2014.112329,679.73
02/11/2014,2014.115068,669.44
02/12/2014,2014.117808,648.38
2/13/2014,2014.120548,598.41
2/14/2014,2014.123288,656.61
2/15/2014,2014.126027,645.43
2/16/2014,2014.128767,610.65
2/17/2014,2014.131507,621.49
2/18/2014,2014.134247,621.22
2/19/2014,2014.136986,617.71
2/20/2014,2014.139726,552.21
2/21/2014,2014.142466,569.04
2/22/2014,2014.145205,604.75
2/23/2014,2014.147945,604.58
2/24/2014,2014.150685,545.32
2/25/2014,2014.153425,534.71
2/26/2014,2014.156164,577.09
2/27/2014,2014.158904,576.7
2/28/2014,2014.161644,543.93
03/01/2014,2014.164384,563.74
03/02/2014,2014.167123,560.3
03/03/2014,2014.169863,661.12
03/04/2014,2014.172603,663.6
03/05/2014,2014.175342,661.79
03/06/2014,2014.178082,658.72
03/07/2014,2014.180822,625.83
03/08/2014,2014.183562,615.24
03/09/2014,2014.186301,633.18
03/10/2014,2014.189041,625.83
03/11/2014,2014.191781,628.95
03/12/2014,2014.194521,631.39
3/13/2014,2014.19726,638.16
3/14/2014,2014.2,626.71
3/15/2014,2014.20274,633.67
3/16/2014,2014.205479,630.72
3/17/2014,2014.208219,621.22
3/18/2014,2014.210959,613.63
3/19/2014,2014.213699,608.82
3/20/2014,2014.216438,586.59
3/21/2014,2014.219178,570.77
3/22/2014,2014.221918,564.42
3/23/2014,2014.224658,561.35
3/24/2014,2014.227397,586.27
3/25/2014,2014.230137,582.28
3/26/2014,2014.232877,579.07
3/27/2014,2014.235616,478.16
3/28/2014,2014.238356,502.44
3/29/2014,2014.241096,493.18
3/30/2014,2014.243836,461.87
3/31/2014,2014.246575,458.5
04/01/2014,2014.249315,478.72
04/02/2014,2014.252055,437.51
04/03/2014,2014.254795,447.08
04/04/2014,2014.257534,448.88
04/05/2014,2014.260274,464.83
04/06/2014,2014.263014,460.7
04/07/2014,2014.265753,446.22
04/08/2014,2014.268493,450.46
04/09/2014,2014.271233,440.2
04/10/2014,2014.273973,360.84
04/11/2014,2014.276712,420.06
04/12/2014,2014.279452,420.66
4/13/2014,2014.282192,414.95
4/14/2014,2014.284932,457.63
4/15/2014,2014.287671,520.12
4/16/2014,2014.290411,529.16
4/17/2014,2014.293151,494.4
4/18/2014,2014.29589,478.23
4/19/2014,2014.29863,501.55
4/20/2014,2014.30137,497.32
4/21/2014,2014.30411,493.09
4/22/2014,2014.306849,484.43
4/23/2014,2014.309589,486.93
4/24/2014,2014.312329,500.26
4/25/2014,2014.315068,459.61
4/26/2014,2014.317808,456.14
4/27/2014,2014.320548,429.65
4/28/2014,2014.323288,437.06
4/29/2014,2014.326027,444.25
4/30/2014,2014.328767,445.87
05/01/2014,2014.331507,456.27
05/02/2014,2014.334247,446.64
05/03/2014,2014.336986,436.94
05/04/2014,2014.339726,434.06
05/05/2014,2014.342466,429.72
05/06/2014,2014.345205,426.99
05/07/2014,2014.347945,436.96
05/08/2014,2014.350685,435.34
05/09/2014,2014.353425,448.23
05/10/2014,2014.356164,452.71
05/11/2014,2014.358904,436.54
05/12/2014,2014.361644,438.43
5/13/2014,2014.364384,437.41
5/14/2014,2014.367123,441.75
5/15/2014,2014.369863,444.32
5/16/2014,2014.372603,445.01
5/17/2014,2014.375342,446.36
5/18/2014,2014.378082,444.81
5/19/2014,2014.380822,444.31
5/20/2014,2014.383562,485.83
5/21/2014,2014.386301,489.16
5/22/2014,2014.389041,526.06
5/23/2014,2014.391781,519.04
5/24/2014,2014.394521,525.63
5/25/2014,2014.39726,570.09
5/26/2014,2014.4,581.83
5/27/2014,2014.40274,569.63
5/28/2014,2014.405479,574.45
5/29/2014,2014.408219,565.51
5/30/2014,2014.410959,616.47
5/31/2014,2014.413699,623.26
06/01/2014,2014.416438,629.02
06/02/2014,2014.419178,658.79
06/03/2014,2014.421918,665.73
06/04/2014,2014.424658,636.78
06/05/2014,2014.427397,656.06
06/06/2014,2014.430137,645.56
06/07/2014,2014.432877,652.71
06/08/2014,2014.435616,653.64
06/09/2014,2014.438356,645.34
06/10/2014,2014.441096,649.81
06/11/2014,2014.443836,627.91
06/12/2014,2014.446575,581.8
6/13/2014,2014.449315,597.43
6/14/2014,2014.452055,571.69
6/15/2014,2014.454795,591.97
6/16/2014,2014.457534,588.06
6/17/2014,2014.460274,607.34
6/18/2014,2014.463014,604.88
6/19/2014,2014.465753,592.26
6/20/2014,2014.468493,588.52
6/21/2014,2014.471233,591.03
6/22/2014,2014.473973,598.88
6/23/2014,2014.476712,587.46
6/24/2014,2014.479452,575.07
6/25/2014,2014.482192,562.13
6/26/2014,2014.484932,579.38
6/27/2014,2014.487671,600.86
6/28/2014,2014.490411,591.99
6/29/2014,2014.493151,598.6
6/30/2014,2014.49589,639.36
07/01/2014,2014.49863,635.59
07/02/2014,2014.50137,647.34
07/03/2014,2014.50411,640.69
07/04/2014,2014.506849,626.96
07/05/2014,2014.509589,628.33
07/06/2014,2014.512329,631.71
07/07/2014,2014.515068,617.99
07/08/2014,2014.517808,620.22
07/09/2014,2014.520548,620.55
07/10/2014,2014.523288,615.11
07/11/2014,2014.526027,631.18
07/12/2014,2014.528767,634.48
7/13/2014,2014.531507,627.58
7/14/2014,2014.534247,618.38
7/15/2014,2014.536986,619.36
7/16/2014,2014.539726,615.2
7/17/2014,2014.542466,622.62
7/18/2014,2014.545205,628.22
7/19/2014,2014.547945,625.8
7/20/2014,2014.550685,621.37
7/21/2014,2014.553425,620.01
7/22/2014,2014.556164,618.81
7/23/2014,2014.558904,617.93
7/24/2014,2014.561644,600.01
7/25/2014,2014.564384,599.93
7/26/2014,2014.567123,593.85
7/27/2014,2014.569863,590.95
7/28/2014,2014.572603,584.69
7/29/2014,2014.575342,582.2
7/30/2014,2014.578082,564.37
7/31/2014,2014.580822,581.35
08/01/2014,2014.583562,595.08
08/02/2014,2014.586301,587.29
08/03/2014,2014.589041,585.51
08/04/2014,2014.591781,586.76
08/05/2014,2014.594521,583.11
08/06/2014,2014.59726,583.04
08/07/2014,2014.6,587.4
08/08/2014,2014.60274,590.53
08/09/2014,2014.605479,588.09
08/10/2014,2014.608219,589.45
08/11/2014,2014.610959,573.31
08/12/2014,2014.613699,568.21
8/13/2014,2014.616438,544.57
8/14/2014,2014.619178,508.55
8/15/2014,2014.621918,496.62
8/16/2014,2014.624658,519.83
8/17/2014,2014.627397,492.95
8/18/2014,2014.630137,460.67
8/19/2014,2014.632877,486.74
8/20/2014,2014.635616,511.93
8/21/2014,2014.638356,516.16
8/22/2014,2014.641096,513.94
8/23/2014,2014.643836,497.22
8/24/2014,2014.646575,508.57
8/25/2014,2014.649315,501.63
8/26/2014,2014.652055,513.47
8/27/2014,2014.654795,510.43
8/28/2014,2014.657534,507.02
8/29/2014,2014.660274,508.42
8/30/2014,2014.663014,501.2
8/31/2014,2014.665753,478.07
09/01/2014,2014.668493,474.13
09/02/2014,2014.671233,475.32
09/03/2014,2014.673973,474.54
09/04/2014,2014.676712,489.09
09/05/2014,2014.679452,480.5
09/06/2014,2014.682192,482.24
09/07/2014,2014.684932,479.48
09/08/2014,2014.687671,472.15
09/09/2014,2014.690411,471.56
09/10/2014,2014.693151,477.53
09/11/2014,2014.69589,476.33
09/12/2014,2014.69863,473.83
9/13/2014,2014.70137,477.09
9/14/2014,2014.70411,474.71
9/15/2014,2014.706849,471.36
9/16/2014,2014.709589,463.74
9/17/2014,2014.712329,454.91
9/18/2014,2014.715068,421.46
9/19/2014,2014.717808,391.94
9/20/2014,2014.720548,406.82
9/21/2014,2014.723288,396.57
9/22/2014,2014.726027,398.89
9/23/2014,2014.728767,435.38
9/24/2014,2014.731507,422.3
9/25/2014,2014.734247,408.8
9/26/2014,2014.736986,401.92
9/27/2014,2014.739726,398.36
9/28/2014,2014.742466,376.2
9/29/2014,2014.745205,374.73
9/30/2014,2014.747945,386.27
10/01/2014,2014.750685,381.33
10/02/2014,2014.753425,371.99
10/03/2014,2014.756164,356.56
10/04/2014,2014.758904,325.49
10/05/2014,2014.761644,319.64
10/06/2014,2014.764384,328.46
10/07/2014,2014.767123,334.09
10/08/2014,2014.769863,352.79
10/09/2014,2014.772603,363.78
10/10/2014,2014.775342,358.69
10/11/2014,2014.778082,359.2
10/12/2014,2014.780822,376.19
10/13/2014,2014.783562,388.38
10/14/2014,2014.786301,398.71
10/15/2014,2014.789041,391.84
10/16/2014,2014.791781,380.08
10/17/2014,2014.794521,380.42
10/18/2014,2014.79726,388.96
10/19/2014,2014.8,386.59
10/20/2014,2014.80274,379.37
10/21/2014,2014.805479,382.38
10/22/2014,2014.808219,379.1
10/23/2014,2014.810959,355.86
10/24/2014,2014.813699,355.17
10/25/2014,2014.816438,346.11
10/26/2014,2014.819178,351.54
10/27/2014,2014.821918,348.96
10/28/2014,2014.824658,351.9
10/29/2014,2014.827397,333.38
10/30/2014,2014.830137,343.78
10/31/2014,2014.832877,336.8
11/01/2014,2014.835616,325.39
11/02/2014,2014.838356,323.74
11/03/2014,2014.841096,324.23
11/04/2014,2014.843836,328.28
11/05/2014,2014.846575,337.14
11/06/2014,2014.849315,348.23
11/07/2014,2014.852055,341.08
11/08/2014,2014.854795,344.03
11/09/2014,2014.857534,363.31
11/10/2014,2014.860274,365.29
11/11/2014,2014.863014,366.99
11/12/2014,2014.865753,427.24
11/13/2014,2014.868493,417.15
11/14/2014,2014.871233,398.43
11/15/2014,2014.873973,375.13
11/16/2014,2014.876712,388.55
11/17/2014,2014.879452,385.86
11/18/2014,2014.882192,372.38
11/19/2014,2014.884932,377.24
11/20/2014,2014.887671,356.14
11/21/2014,2014.890411,348.86
11/22/2014,2014.893151,352.04
11/23/2014,2014.89589,366.77
11/24/2014,2014.89863,375.24
11/25/2014,2014.90137,375.72
11/26/2014,2014.90411,368.51
11/27/2014,2014.906849,369.14
11/28/2014,2014.909589,375.85
11/29/2014,2014.912329,375.22
11/30/2014,2014.915068,377.09
12/01/2014,2014.917808,378.64
12/02/2014,2014.920548,381.54
12/03/2014,2014.923288,374.97
12/04/2014,2014.926027,369.15
12/05/2014,2014.928767,376.04
12/06/2014,2014.931507,374.02
12/07/2014,2014.934247,374.26
12/08/2014,2014.936986,360.94
12/09/2014,2014.939726,351.27
12/10/2014,2014.942466,344.62
12/11/2014,2014.945205,347.13
12/12/2014,2014.947945,350.94
12/13/2014,2014.950685,347.47
12/14/2014,2014.953425,351.14
12/15/2014,2014.956164,345.1
12/16/2014,2014.958904,326.08
12/17/2014,2014.961644,319.17
12/18/2014,2014.964384,310.75
12/19/2014,2014.967123,317.01
12/20/2014,2014.969863,329.57
12/21/2014,2014.972603,319.24
12/22/2014,2014.975342,330.67
12/23/2014,2014.978082,334.05
12/24/2014,2014.980822,321.88
12/25/2014,2014.983562,318.61
12/26/2014,2014.986301,327.16
12/27/2014,2014.989041,315.17
12/28/2014,2014.991781,316.8
12/29/2014,2014.994521,312.44
12/30/2014,2014.99726,309.87
12/31/2014,2015,319.7
01/01/2015,2015.00274,313.92
01/02/2015,2015.005479,314.59
01/03/2015,2015.008219,279.85
01/04/2015,2015.010959,263.63
01/05/2015,2015.013699,272.95
01/06/2015,2015.016438,285.58
01/07/2015,2015.019178,294.88
01/08/2015,2015.021918,283.25
01/09/2015,2015.024658,288.84
01/10/2015,2015.027397,274.07
01/11/2015,2015.030137,265.37
01/12/2015,2015.032877,267.09
1/13/2015,2015.035616,226.98
1/14/2015,2015.038356,177.28
1/15/2015,2015.041096,210.46
1/16/2015,2015.043836,207.22
1/17/2015,2015.046575,199.62
1/18/2015,2015.049315,209.93
1/19/2015,2015.052055,213.98
1/20/2015,2015.054795,210.48
1/21/2015,2015.057534,225.98
1/22/2015,2015.060274,232.66
1/23/2015,2015.063014,232.97
1/24/2015,2015.065753,247.99
1/25/2015,2015.068493,254.51
1/26/2015,2015.071233,271.95
1/27/2015,2015.073973,262.06
1/28/2015,2015.076712,233.21
1/29/2015,2015.079452,232.4
1/30/2015,2015.082192,226.5
1/31/2015,2015.084932,216.91
02/01/2015,2015.087671,226.4
02/02/2015,2015.090411,237.54
02/03/2015,2015.093151,226.96
02/04/2015,2015.09589,226.73
02/05/2015,2015.09863,216.77
02/06/2015,2015.10137,222.48
02/07/2015,2015.10411,227.33
02/08/2015,2015.106849,222.87
02/09/2015,2015.109589,220.17
02/10/2015,2015.112329,220.08
02/11/2015,2015.115068,219.49
02/12/2015,2015.117808,221.85
2/13/2015,2015.120548,235.79
2/14/2015,2015.123288,257.47
2/15/2015,2015.126027,234.33
2/16/2015,2015.128767,233.56
2/17/2015,2015.131507,243.6
2/18/2015,2015.134247,236.21
2/19/2015,2015.136986,239.83
2/20/2015,2015.139726,243.78
2/21/2015,2015.142466,244.26
2/22/2015,2015.145205,235.53
2/23/2015,2015.147945,238.08
2/24/2015,2015.150685,238.76
2/25/2015,2015.153425,237.25
2/26/2015,2015.156164,236.1
2/27/2015,2015.158904,252.51
2/28/2015,2015.161644,253.53
03/01/2015,2015.164384,258.74
03/02/2015,2015.167123,271.35
03/03/2015,2015.169863,281.45
03/04/2015,2015.172603,271.92
03/05/2015,2015.175342,274.86
03/06/2015,2015.178082,272.21
03/07/2015,2015.180822,275.89
03/08/2015,2015.183562,274.48
03/09/2015,2015.186301,288.52
03/10/2015,2015.189041,290.51
03/11/2015,2015.191781,295.83
03/12/2015,2015.194521,293.87
3/13/2015,2015.19726,284.28
3/14/2015,2015.2,281.36
3/15/2015,2015.20274,285.34
3/16/2015,2015.205479,290.38
3/17/2015,2015.208219,284.46
3/18/2015,2015.210959,255.37
3/19/2015,2015.213699,259.74
3/20/2015,2015.216438,260.84
3/21/2015,2015.219178,259.62
3/22/2015,2015.221918,267.8
3/23/2015,2015.224658,265.94
3/24/2015,2015.227397,245.44
3/25/2015,2015.230137,246.13
3/26/2015,2015.232877,247.65
3/27/2015,2015.235616,246.58
3/28/2015,2015.238356,252.25
3/29/2015,2015.241096,242.02
3/30/2015,2015.243836,246.85
3/31/2015,2015.246575,243.39
04/01/2015,2015.249315,246.55
04/02/2015,2015.252055,252.26
04/03/2015,2015.254795,253.54
04/04/2015,2015.257534,253.12
04/05/2015,2015.260274,259.95
04/06/2015,2015.263014,254.52
04/07/2015,2015.265753,252.8
04/08/2015,2015.268493,244.36
04/09/2015,2015.271233,243.26
04/10/2015,2015.273973,235.22
04/11/2015,2015.276712,236.12
04/12/2015,2015.279452,235.64
4/13/2015,2015.282192,223.41
4/14/2015,2015.284932,218.27
4/15/2015,2015.287671,223.57
4/16/2015,2015.290411,228.11
4/17/2015,2015.293151,222.23
4/18/2015,2015.29589,222.84
4/19/2015,2015.29863,221.69
4/20/2015,2015.30137,224.31
4/21/2015,2015.30411,235.81
4/22/2015,2015.306849,233.92
4/23/2015,2015.309589,235.56
4/24/2015,2015.312329,230.79
4/25/2015,2015.315068,225.85
4/26/2015,2015.317808,218.81
4/27/2015,2015.320548,228.5
4/28/2015,2015.323288,225.68
4/29/2015,2015.326027,225.98
4/30/2015,2015.328767,236.57
05/01/2015,2015.331507,232.12
05/02/2015,2015.334247,234.9
05/03/2015,2015.336986,240.12
05/04/2015,2015.339726,238.77
05/05/2015,2015.342466,236.55
05/06/2015,2015.345205,230.05
05/07/2015,2015.347945,237.78
05/08/2015,2015.350685,243.39
05/09/2015,2015.353425,240.48
05/10/2015,2015.356164,239.63
05/11/2015,2015.358904,241.85
05/12/2015,2015.361644,240.99
5/13/2015,2015.364384,235.8
5/14/2015,2015.367123,236.74
5/15/2015,2015.369863,237.31
5/16/2015,2015.372603,235.73
5/17/2015,2015.375342,236.1
5/18/2015,2015.378082,232.87
5/19/2015,2015.380822,231.94
5/20/2015,2015.383562,234.25
5/21/2015,2015.386301,235.3
5/22/2015,2015.389041,240.52
5/23/2015,2015.391781,239.03
5/24/2015,2015.394521,241.19
5/25/2015,2015.39726,237.49
5/26/2015,2015.4,237.33
5/27/2015,2015.40274,237.18
5/28/2015,2015.405479,237.47
5/29/2015,2015.408219,237.1
5/30/2015,2015.410959,233.29
5/31/2015,2015.413699,230
06/01/2015,2015.416438,223.31
06/02/2015,2015.419178,225.75
06/03/2015,2015.421918,225.65
06/04/2015,2015.424658,224.37
06/05/2015,2015.427397,225.04
06/06/2015,2015.430137,225.68
06/07/2015,2015.432877,223.39
06/08/2015,2015.435616,228.65
06/09/2015,2015.438356,229.33
06/10/2015,2015.441096,228.95
06/11/2015,2015.443836,230.02
06/12/2015,2015.446575,230.2
6/13/2015,2015.449315,232.75
6/14/2015,2015.452055,233.85
6/15/2015,2015.454795,237.31
6/16/2015,2015.457534,250.9
6/17/2015,2015.460274,249.17
6/18/2015,2015.463014,248.87
6/19/2015,2015.465753,243.55
6/20/2015,2015.468493,245.26
6/21/2015,2015.471233,244.01
6/22/2015,2015.473973,246.77
6/23/2015,2015.476712,243.99
6/24/2015,2015.479452,240.22
6/25/2015,2015.482192,242.42
6/26/2015,2015.484932,242.64
6/27/2015,2015.487671,250.71
6/28/2015,2015.490411,248.07
6/29/2015,2015.493151,256.49
6/30/2015,2015.49589,262.48
07/01/2015,2015.49863,257.66
07/02/2015,2015.50137,254.35
07/03/2015,2015.50411,255.6
07/04/2015,2015.506849,260.35
07/05/2015,2015.509589,271.02
07/06/2015,2015.512329,268.49
07/07/2015,2015.515068,264.96
07/08/2015,2015.517808,269.65
07/09/2015,2015.520548,268.11
07/10/2015,2015.523288,283.88
07/11/2015,2015.526027,291.69
07/12/2015,2015.528767,309.98
7/13/2015,2015.531507,290.88
7/14/2015,2015.534247,286.19
7/15/2015,2015.536986,283.82
7/16/2015,2015.539726,277.83
7/17/2015,2015.542466,278.49
7/18/2015,2015.545205,274.49
7/19/2015,2015.547945,272.49
7/20/2015,2015.550685,278.41
7/21/2015,2015.553425,275.1
7/22/2015,2015.556164,276.62
7/23/2015,2015.558904,275.63
7/24/2015,2015.561644,287.97
7/25/2015,2015.564384,288.13
7/26/2015,2015.567123,291.64
7/27/2015,2015.569863,292.73
7/28/2015,2015.572603,293.79
7/29/2015,2015.575342,288.77
7/30/2015,2015.578082,287.29
7/31/2015,2015.580822,283.94
08/01/2015,2015.583562,280.04
08/02/2015,2015.586301,281.65
08/03/2015,2015.589041,280.48
08/04/2015,2015.591781,284.5
08/05/2015,2015.594521,281.38
08/06/2015,2015.59726,278.25
08/07/2015,2015.6,279.03
08/08/2015,2015.60274,260.2
08/09/2015,2015.605479,264.44
08/10/2015,2015.608219,263.76
08/11/2015,2015.610959,270.92
08/12/2015,2015.613699,265.64
8/13/2015,2015.616438,263.34
8/14/2015,2015.619178,264.87
8/15/2015,2015.621918,260.73
8/16/2015,2015.624658,257.67
8/17/2015,2015.627397,256.98
8/18/2015,2015.630137,219
8/19/2015,2015.632877,225.39
8/20/2015,2015.635616,234.69
8/21/2015,2015.638356,231.94
8/22/2015,2015.641096,229.74
8/23/2015,2015.643836,227.59
8/24/2015,2015.646575,209.13
8/25/2015,2015.649315,221.71
8/26/2015,2015.652055,225.38
8/27/2015,2015.654795,224.26
8/28/2015,2015.657534,230.98
8/29/2015,2015.660274,229.76
8/30/2015,2015.663014,228.61
8/31/2015,2015.665753,230.02
09/01/2015,2015.668493,227.35
09/02/2015,2015.671233,228.86
09/03/2015,2015.673973,226.76
09/04/2015,2015.676712,230.09
09/05/2015,2015.679452,234.68
09/06/2015,2015.682192,239.44
09/07/2015,2015.684932,240.02
09/08/2015,2015.687671,243.55
09/09/2015,2015.690411,238.29
09/10/2015,2015.693151,238.59
09/11/2015,2015.69589,240.08
09/12/2015,2015.69863,234.82
9/13/2015,2015.70137,230.33
9/14/2015,2015.70411,230.24
9/15/2015,2015.706849,229.92
9/16/2015,2015.709589,228.8
9/17/2015,2015.712329,232.79
9/18/2015,2015.715068,232.72
9/19/2015,2015.717808,231.24
9/20/2015,2015.720548,230.86
9/21/2015,2015.723288,226.61
9/22/2015,2015.726027,230.52
9/23/2015,2015.728767,229.96
9/24/2015,2015.731507,234.28
9/25/2015,2015.734247,234.84
9/26/2015,2015.736986,234.21
9/27/2015,2015.739726,232.85
9/28/2015,2015.742466,239.34
9/29/2015,2015.745205,236.62
9/30/2015,2015.747945,236.25
10/01/2015,2015.750685,237.57
10/02/2015,2015.753425,237.4
10/03/2015,2015.756164,239.09
10/04/2015,2015.758904,238.69
10/05/2015,2015.761644,240.59
10/06/2015,2015.764384,246.42
10/07/2015,2015.767123,243.27
10/08/2015,2015.769863,242.69
10/09/2015,2015.772603,244.32
10/10/2015,2015.775342,245.33
10/11/2015,2015.778082,247.53
10/12/2015,2015.780822,245.59
10/13/2015,2015.783562,249.94
10/14/2015,2015.786301,252.59
10/15/2015,2015.789041,254.81
10/16/2015,2015.791781,262.94
10/17/2015,2015.794521,271.2
10/18/2015,2015.79726,262.9
10/19/2015,2015.8,264.42
10/20/2015,2015.80274,270.22
10/21/2015,2015.805479,267.33
10/22/2015,2015.808219,274.41
10/23/2015,2015.810959,277.46
10/24/2015,2015.813699,282.66
10/25/2015,2015.816438,283.07
10/26/2015,2015.819178,286.13
10/27/2015,2015.821918,294.4
10/28/2015,2015.824658,303.89
10/29/2015,2015.827397,313.59
10/30/2015,2015.830137,326
10/31/2015,2015.832877,312.43
11/01/2015,2015.835616,325.08
11/02/2015,2015.838356,359.35
11/03/2015,2015.841096,400.71
11/04/2015,2015.843836,408.74
11/05/2015,2015.846575,387.51
11/06/2015,2015.849315,374.95
11/07/2015,2015.852055,384.8
11/08/2015,2015.854795,373.49
11/09/2015,2015.857534,380.04
11/10/2015,2015.860274,337.93
11/11/2015,2015.863014,312.58
11/12/2015,2015.865753,336.86
11/13/2015,2015.868493,337.29
11/14/2015,2015.871233,333.55
11/15/2015,2015.873973,319.93
11/16/2015,2015.876712,331.59
11/17/2015,2015.879452,335.77
11/18/2015,2015.882192,334.97
11/19/2015,2015.884932,326.31
11/20/2015,2015.887671,321.99
11/21/2015,2015.890411,327.17
11/22/2015,2015.893151,324.34
11/23/2015,2015.89589,323.26
11/24/2015,2015.89863,320.16
11/25/2015,2015.90137,328.98
11/26/2015,2015.90411,353.3
11/27/2015,2015.906849,358.18
11/28/2015,2015.909589,357.66
11/29/2015,2015.912329,371.86
11/30/2015,2015.915068,376.91
12/01/2015,2015.917808,362.73
12/02/2015,2015.920548,359.43
12/03/2015,2015.923288,361.31
12/04/2015,2015.926027,363.48
12/05/2015,2015.928767,388.86
12/06/2015,2015.931507,388.46
12/07/2015,2015.934247,395.86
12/08/2015,2015.936986,418.14
12/09/2015,2015.939726,418.04
12/10/2015,2015.942466,415.25
12/11/2015,2015.945205,453.9
12/12/2015,2015.947945,435.9
12/13/2015,2015.950685,433.54
12/14/2015,2015.953425,443.84
12/15/2015,2015.956164,465.5
12/16/2015,2015.958904,455.37
12/17/2015,2015.961644,455.99
12/18/2015,2015.964384,463.84
12/19/2015,2015.967123,462.23
12/20/2015,2015.969863,442.5
12/21/2015,2015.972603,437.76
12/22/2015,2015.975342,435.5
12/23/2015,2015.978082,442.84
12/24/2015,2015.980822,454.85
12/25/2015,2015.983562,455.31
12/26/2015,2015.986301,417.22
12/27/2015,2015.989041,422.52
12/28/2015,2015.991781,421.26
12/29/2015,2015.994521,432.62
12/30/2015,2015.99726,426.14
12/31/2015,2016,430.05
01/01/2016,2016.00274,434.46
01/02/2016,2016.005479,433.59
01/03/2016,2016.008219,430.36
01/04/2016,2016.010959,433.49
01/05/2016,2016.013699,432.25
01/06/2016,2016.016438,429.46
01/07/2016,2016.019178,458.28
01/08/2016,2016.021918,453.37
01/09/2016,2016.024658,449.14
01/10/2016,2016.027397,448.96
01/11/2016,2016.030137,448.38
01/12/2016,2016.032877,432.88
1/13/2016,2016.035616,432.04
1/14/2016,2016.038356,429.73
1/15/2016,2016.041096,358.77
1/16/2016,2016.043836,387.66
1/17/2016,2016.046575,380.21
1/18/2016,2016.049315,385.84
1/19/2016,2016.052055,377.74
1/20/2016,2016.054795,418.74
1/21/2016,2016.057534,409.94
1/22/2016,2016.060274,381.76
1/23/2016,2016.063014,386.19
1/24/2016,2016.065753,402.61
1/25/2016,2016.068493,390.66
1/26/2016,2016.071233,391.43
1/27/2016,2016.073973,394.63
1/28/2016,2016.076712,379.38
1/29/2016,2016.079452,378.2
1/30/2016,2016.082192,376.94
1/31/2016,2016.084932,367.13
02/01/2016,2016.087671,371.25
02/02/2016,2016.090411,372.88
02/03/2016,2016.093151,368.93
02/04/2016,2016.09589,388.61
02/05/2016,2016.09863,385.34
02/06/2016,2016.10137,375.4
02/07/2016,2016.10411,375.28
02/08/2016,2016.106849,371.1
02/09/2016,2016.109589,373.32
02/10/2016,2016.112329,379.96
02/11/2016,2016.115068,377.72
02/12/2016,2016.117808,383.13
2/13/2016,2016.120548,392.18
2/14/2016,2016.123288,406.74
2/15/2016,2016.126027,399.48
2/16/2016,2016.128767,407.36
2/17/2016,2016.131507,415.56
2/18/2016,2016.134247,421.64
2/19/2016,2016.136986,420.33
2/20/2016,2016.139726,436.52
2/21/2016,2016.142466,438.98
2/22/2016,2016.145205,438.07
2/23/2016,2016.147945,419.98
2/24/2016,2016.150685,424.36
2/25/2016,2016.153425,423.52
2/26/2016,2016.156164,432.06
2/27/2016,2016.158904,432.14
2/28/2016,2016.161644,432.64
2/29/2016,2016.164384,436.61
03/01/2016,2016.167123,433.64
03/02/2016,2016.169863,421.6
03/03/2016,2016.172603,419.47
03/04/2016,2016.175342,407.98
03/05/2016,2016.178082,397.83
03/06/2016,2016.180822,404.55
03/07/2016,2016.183562,412.98
03/08/2016,2016.186301,411.76
03/09/2016,2016.189041,412.62
03/10/2016,2016.191781,416.16
03/11/2016,2016.194521,419.89
03/12/2016,2016.19726,410.13
3/13/2016,2016.2,412.29
3/14/2016,2016.20274,415.09
3/15/2016,2016.205479,415.38
3/16/2016,2016.208219,416.25
3/17/2016,2016.210959,418.45
3/18/2016,2016.213699,408.04
3/19/2016,2016.216438,408.52
3/20/2016,2016.219178,410.75
3/21/2016,2016.221918,411.42
3/22/2016,2016.224658,416.93
3/23/2016,2016.227397,417.39
3/24/2016,2016.230137,414.34
3/25/2016,2016.232877,415.69
3/26/2016,2016.235616,416.73
3/27/2016,2016.238356,425.38
3/28/2016,2016.241096,422.76
3/29/2016,2016.243836,415.55
3/30/2016,2016.246575,412.69
3/31/2016,2016.249315,415.16
04/01/2016,2016.252055,417.01
04/02/2016,2016.254795,419.69
04/03/2016,2016.257534,419.38
04/04/2016,2016.260274,419.42
04/05/2016,2016.263014,422.65
04/06/2016,2016.265753,421.7
04/07/2016,2016.268493,421.2
04/08/2016,2016.271233,418.09
04/09/2016,2016.273973,418.42
04/10/2016,2016.276712,421.11
04/11/2016,2016.279452,422.99
04/12/2016,2016.282192,425.99
4/13/2016,2016.284932,424.4
4/14/2016,2016.287671,425.11
4/15/2016,2016.290411,429.98
4/16/2016,2016.293151,430.84
4/17/2016,2016.29589,427.86
4/18/2016,2016.29863,429.05
4/19/2016,2016.30137,436.1
4/20/2016,2016.30411,442.16
4/21/2016,2016.306849,451.1
4/22/2016,2016.309589,447.64
4/23/2016,2016.312329,452.58
4/24/2016,2016.315068,460.33
4/25/2016,2016.317808,462.51
4/26/2016,2016.320548,467.8
4/27/2016,2016.323288,445.01
4/28/2016,2016.326027,449.86
4/29/2016,2016.328767,456.35
4/30/2016,2016.331507,449.33
05/01/2016,2016.334247,453.04
05/02/2016,2016.336986,444.51
05/03/2016,2016.339726,450.27
05/04/2016,2016.342466,446.96
05/05/2016,2016.345205,448.53
05/06/2016,2016.347945,460.37
05/07/2016,2016.350685,459.46
05/08/2016,2016.353425,459.44
05/09/2016,2016.356164,461.49
05/10/2016,2016.358904,450.99
05/11/2016,2016.361644,452.11
05/12/2016,2016.364384,454.82
5/13/2016,2016.367123,455.73
5/14/2016,2016.369863,455.75
5/15/2016,2016.372603,457.85
5/16/2016,2016.375342,453.41
5/17/2016,2016.378082,452.75
5/18/2016,2016.380822,453.38
5/19/2016,2016.383562,436.73
5/20/2016,2016.386301,442.95
5/21/2016,2016.389041,443.13
5/22/2016,2016.391781,438.77
5/23/2016,2016.394521,443.73
5/24/2016,2016.39726,445.13
5/25/2016,2016.4,449.23
5/26/2016,2016.40274,453.82
5/27/2016,2016.405479,473.47
5/28/2016,2016.408219,525.43
5/29/2016,2016.410959,524.08
5/30/2016,2016.413699,532.59
5/31/2016,2016.416438,531.8
06/01/2016,2016.419178,536.42
06/02/2016,2016.421918,538.14
06/03/2016,2016.424658,570.47
06/04/2016,2016.427397,573.45
06/05/2016,2016.430137,574.11
06/06/2016,2016.432877,585.53
06/07/2016,2016.435616,577.86
06/08/2016,2016.438356,583.1
06/09/2016,2016.441096,576.45
06/10/2016,2016.443836,579.13
06/11/2016,2016.446575,611.78
06/12/2016,2016.449315,675.34
6/13/2016,2016.452055,705.62
6/14/2016,2016.454795,685.99
6/15/2016,2016.457534,696.32
6/16/2016,2016.460274,768.24
6/17/2016,2016.463014,747.55
6/18/2016,2016.465753,755.68
6/19/2016,2016.468493,764.04
6/20/2016,2016.471233,727.95
6/21/2016,2016.473973,665.88
6/22/2016,2016.476712,602.89
6/23/2016,2016.479452,625.49
6/24/2016,2016.482192,665.16
6/25/2016,2016.484932,665.33
6/26/2016,2016.487671,630.25
6/27/2016,2016.490411,658.4
6/28/2016,2016.493151,646.3
6/29/2016,2016.49589,639.08
6/30/2016,2016.49863,672.48
07/01/2016,2016.50137,676.52
07/02/2016,2016.50411,703.69
07/03/2016,2016.506849,659.69
07/04/2016,2016.509589,681.63
07/05/2016,2016.512329,668.09
07/06/2016,2016.515068,676.11
07/07/2016,2016.517808,639.76
07/08/2016,2016.520548,664.74
07/09/2016,2016.523288,650.63
07/10/2016,2016.526027,649.96
07/11/2016,2016.528767,649.03
07/12/2016,2016.531507,664.84
7/13/2016,2016.534247,653.93
7/14/2016,2016.536986,659.64
7/15/2016,2016.539726,664.88
7/16/2016,2016.542466,663.54
7/17/2016,2016.545205,679.05
7/18/2016,2016.547945,673.59
7/19/2016,2016.550685,673.84
7/20/2016,2016.553425,666.18
7/21/2016,2016.556164,665.1
7/22/2016,2016.558904,650.82
7/23/2016,2016.561644,654.86
7/24/2016,2016.564384,661.05
7/25/2016,2016.567123,655.13
7/26/2016,2016.569863,651.08
7/27/2016,2016.572603,655.44
7/28/2016,2016.575342,655.63
7/29/2016,2016.578082,656.67
7/30/2016,2016.580822,654.98
7/31/2016,2016.583562,625.88
08/01/2016,2016.586301,607.37
08/02/2016,2016.589041,552.82
08/03/2016,2016.591781,565.26
08/04/2016,2016.594521,578.32
08/05/2016,2016.59726,574.96
08/06/2016,2016.6,588.42
08/07/2016,2016.60274,592.78
08/08/2016,2016.605479,590.62
08/09/2016,2016.608219,584.76
08/10/2016,2016.610959,592.89
08/11/2016,2016.613699,586.52
08/12/2016,2016.616438,586.03
8/13/2016,2016.619178,585.08
8/14/2016,2016.621918,571.44
8/15/2016,2016.624658,567.2
8/16/2016,2016.627397,576.25
8/17/2016,2016.630137,571.74
8/18/2016,2016.632877,572.5
8/19/2016,2016.635616,573.66
8/20/2016,2016.638356,580.7
8/21/2016,2016.641096,580.69
8/22/2016,2016.643836,584.73
8/23/2016,2016.646575,581.28
8/24/2016,2016.649315,577.99
8/25/2016,2016.652055,575.73
8/26/2016,2016.654795,578.16
8/27/2016,2016.657534,568.67
8/28/2016,2016.660274,573.55
8/29/2016,2016.663014,572.36
8/30/2016,2016.665753,576
8/31/2016,2016.668493,572.33
09/01/2016,2016.671233,571.69
09/02/2016,2016.673973,574.15
09/03/2016,2016.676712,598.38
09/04/2016,2016.679452,608.92
09/05/2016,2016.682192,606.03
09/06/2016,2016.684932,611.07
09/07/2016,2016.687671,614.79
09/08/2016,2016.690411,624.95
09/09/2016,2016.693151,621.8
09/10/2016,2016.69589,622.21
09/11/2016,2016.69863,605.81
09/12/2016,2016.70137,606.31
9/13/2016,2016.70411,606.92
9/14/2016,2016.706849,608.22
9/15/2016,2016.709589,605.21
9/16/2016,2016.712329,606.33
9/17/2016,2016.715068,605.29
9/18/2016,2016.717808,608.7
9/19/2016,2016.720548,608.53
9/20/2016,2016.723288,599.47
9/21/2016,2016.726027,595.8
9/22/2016,2016.728767,595.03
9/23/2016,2016.731507,601.71
9/24/2016,2016.734247,601.34
9/25/2016,2016.736986,599.18
9/26/2016,2016.739726,606.81
9/27/2016,2016.742466,604.76
9/28/2016,2016.745205,603.52
9/29/2016,2016.747945,605.06
9/30/2016,2016.750685,608.44
10/01/2016,2016.753425,613.93
10/02/2016,2016.756164,610.29
10/03/2016,2016.758904,612.34
10/04/2016,2016.761644,609.37
10/05/2016,2016.764384,610.88
10/06/2016,2016.767123,610.9
10/07/2016,2016.769863,616.49
10/08/2016,2016.772603,616.6
10/09/2016,2016.775342,614.62
10/10/2016,2016.778082,617.42
10/11/2016,2016.780822,639.37
10/12/2016,2016.783562,635.08
10/13/2016,2016.786301,635.02
10/14/2016,2016.789041,638.37
10/15/2016,2016.791781,637.37
10/16/2016,2016.794521,639.83
10/17/2016,2016.79726,636.92
10/18/2016,2016.8,635.51
10/19/2016,2016.80274,628.15
10/20/2016,2016.805479,628.62
10/21/2016,2016.808219,630.15
10/22/2016,2016.810959,652.71
10/23/2016,2016.813699,649.24
10/24/2016,2016.816438,648.4
10/25/2016,2016.819178,652.89
10/26/2016,2016.821918,674.36
10/27/2016,2016.824658,686.52
10/28/2016,2016.827397,688.1
10/29/2016,2016.830137,712.87
10/30/2016,2016.832877,696.35
10/31/2016,2016.835616,697.37
11/01/2016,2016.838356,729.27
11/02/2016,2016.841096,742.46
11/03/2016,2016.843836,687.51
11/04/2016,2016.846575,702.54
11/05/2016,2016.849315,704.16
11/06/2016,2016.852055,712.24
11/07/2016,2016.854795,704.02
11/08/2016,2016.857534,709.15
11/09/2016,2016.860274,721.19
11/10/2016,2016.863014,713.67
11/11/2016,2016.865753,716.56
11/12/2016,2016.868493,703.55
11/13/2016,2016.871233,702.5
11/14/2016,2016.873973,706.39
11/15/2016,2016.876712,711.96
11/16/2016,2016.879452,742.07
11/17/2016,2016.882192,735.41
11/18/2016,2016.884932,749.68
11/19/2016,2016.887671,750.63
11/20/2016,2016.890411,728.61
11/21/2016,2016.893151,736.72
11/22/2016,2016.89589,748.22
11/23/2016,2016.89863,741.6
11/24/2016,2016.90137,736.4
11/25/2016,2016.90411,738.28
11/26/2016,2016.906849,732.82
11/27/2016,2016.909589,728.42
11/28/2016,2016.912329,731.75
11/29/2016,2016.915068,731.76
11/30/2016,2016.917808,742.01
12/01/2016,2016.920548,753.25
12/02/2016,2016.923288,771.41
12/03/2016,2016.926027,764.97
12/04/2016,2016.928767,766.46
12/05/2016,2016.931507,750.71
12/06/2016,2016.934247,758.81
12/07/2016,2016.936986,763.9
12/08/2016,2016.939726,766.75
12/09/2016,2016.942466,770.41
12/10/2016,2016.945205,773.21
12/11/2016,2016.947945,768.62
12/12/2016,2016.950685,777.91
12/13/2016,2016.953425,775.25
12/14/2016,2016.956164,776.64
12/15/2016,2016.958904,775.48
12/16/2016,2016.961644,780.85
12/17/2016,2016.964384,788.58
12/18/2016,2016.967123,788.59
12/19/2016,2016.969863,790.16
12/20/2016,2016.972603,798.78
12/21/2016,2016.975342,833.1
12/22/2016,2016.978082,858.74
12/23/2016,2016.980822,916.79
12/24/2016,2016.983562,894.2
12/25/2016,2016.986301,894.48
12/26/2016,2016.989041,902.55
12/27/2016,2016.991781,931.11
12/28/2016,2016.994521,978.01
12/29/2016,2016.99726,969.62
12/30/2016,2017,960.47
12/31/2016,2017.00274,968.23
01/01/2017,2017.00274,997.69
01/02/2017,2017.005479,1018.05
01/03/2017,2017.008219,1030.82
01/04/2017,2017.010959,1129.87
01/05/2017,2017.013699,1005.81
01/06/2017,2017.016438,895.67
01/07/2017,2017.019178,905.17
01/08/2017,2017.021918,913.52
01/09/2017,2017.024658,899.35
01/10/2017,2017.027397,904.79
01/11/2017,2017.030137,775.98
01/12/2017,2017.032877,802.83
